Team,Season,Offensive_WAR,Pitching_WAR,RS,RA,Pythagorean_Expectation,Run_Differential,Total_WAR,WAR_Balance,RS_per_game,RA_per_game,Expected_Wins,Offensive_Strength,Pitching_Strength
2TM,2023,12.8,27.4,172.83350000000002,455.0,0.14537045479645755,-282.1665,40.2,0.46545454545454545,1.0668734567901235,2.808641975308642,23.550013677026122,0.31840796019900497,0.6815920398009949
2TM,2024,18.1,36.3,225.83350000000002,366.0,0.2924346734936399,-140.16649999999998,54.4,0.4972527472527473,1.394033950617284,2.259259259259259,47.37441710596966,0.33272058823529416,0.6672794117647058
2TM,2025,41.6,34.8,460.8335,381.0,0.586165126858337,79.83350000000002,76.4,1.191977077363897,2.8446512345679014,2.3518518518518516,94.9587505510506,0.5445026178010471,0.4554973821989528
3TM,2023,-0.7,4.4,37.8335,685.0,0.004966358315681516,-647.1665,3.7,-0.15555555555555556,0.23354012345679012,4.228395061728395,0.8045500471404057,-0.18918918918918917,1.1891891891891893
3TM,2024,-0.9,0.20000000000000023,35.8335,727.0,0.004036312867647229,-691.1665,-0.6999999999999997,-2.9999999999999973,0.22119444444444444,4.487654320987654,0.653882684558851,-9.0,2.000000000000002
3TM,2025,0.0,-3.3000000000000003,44.8335,762.0,0.005572222992349778,-717.1665,-3.3000000000000003,-0.0,0.27675,4.703703703703703,0.902700124760664,0.0,-33.0
4TM,2024,0.0,-0.8,44.8335,737.0,0.0059209074916593005,-692.1665,-0.8,-0.0,0.27675,4.549382716049383,0.9591870136488067,0.0,-8.0
4TM,2025,0.0,-0.6000000000000001,44.8335,735.0,0.005950248850214649,-690.1665,-0.6000000000000001,-0.0,0.27675,4.537037037037037,0.9639403137347731,0.0,-6.000000000000001
5TM,2024,0.0,-0.6,44.8335,735.0,0.005950248850214649,-690.1665,-0.6,-0.0,0.27675,4.537037037037037,0.9639403137347731,0.0,-5.999999999999999
5TM,2025,0.0,0.4,44.8335,725.0,0.006100378920041135,-680.1665,0.4,0.0,0.27675,4.4753086419753085,0.9882613850466639,0.0,1.0
ARI,2023,24.5,11.4,289.8335,615.0,0.20153346093973,-325.1665,35.9,2.130434782608696,1.7890956790123458,3.7962962962962963,32.64842067223626,0.6824512534818942,0.3175487465181059
ARI,2024,33.4,7.1,378.8335,658.0,0.26690981690244153,-279.1665,40.5,4.638888888888889,2.3384783950617285,4.061728395061729,43.23939033819553,0.8246913580246913,0.17530864197530863
ARI,2025,21.3,9.3,257.8335,636.0,0.16080121452370255,-378.1665,30.6,2.2659574468085104,1.591564814814815,3.925925925925926,26.049796752839814,0.696078431372549,0.303921568627451
ATH,2025,20.7,9.0,251.83350000000002,639.0,0.15394624325713002,-387.1665,29.7,2.2747252747252746,1.554527777777778,3.9444444444444446,24.939291407655062,0.696969696969697,0.30303030303030304
ATL,2023,40.9,15.0,453.8335,579.0,0.3903748285163013,-125.16649999999998,55.9,2.7086092715231787,2.8014413580246913,3.574074074074074,63.24072221964081,0.7316636851520573,0.26833631484794274
ATL,2024,17.7,27.9,221.83350000000002,450.0,0.2151095901974306,-228.16649999999998,45.599999999999994,0.6321428571428571,1.3693425925925926,2.7777777777777777,34.847753611983755,0.38815789473684215,0.611842105263158
ATL,2025,24.8,13.6,292.8335,593.0,0.21564467879173815,-300.1665,38.4,1.81021897810219,1.8076141975308644,3.6604938271604937,34.93443796426158,0.6458333333333334,0.3541666666666667
BAL,2023,28.5,16.4,329.8335,565.0,0.2719057348914313,-235.16649999999998,44.9,1.7272727272727273,2.0360092592592594,3.4876543209876543,44.04872905241187,0.6347438752783965,0.36525612472160357
BAL,2024,31.8,11.5,362.8335,614.0,0.27634331415061575,-251.16649999999998,43.3,2.741379310344828,2.239712962962963,3.7901234567901234,44.76761689239975,0.7344110854503465,0.2655889145496536
BAL,2025,9.799999999999999,11.0,142.8335,619.0,0.06395050369823188,-476.16650000000004,20.799999999999997,0.8828828828828829,0.8816882716049382,3.8209876543209877,10.359981599113565,0.47115384615384615,0.528846153846154
BOS,2023,19.1,18.6,235.83350000000002,543.0,0.1785519080180096,-307.1665,37.7,1.0213903743315507,1.4557623456790125,3.3518518518518516,28.925409098917555,0.506631299734748,0.493368700265252
BOS,2024,29.0,15.1,334.8335,578.0,0.2691240993198322,-243.16649999999998,44.1,1.9078947368421053,2.0668734567901237,3.567901234567901,43.59810408981282,0.6575963718820862,0.3424036281179138
BOS,2025,27.6,17.4,320.8335,555.0,0.2683669471245985,-234.16649999999998,45.0,1.5771428571428572,1.9804537037037038,3.425925925925926,43.47544543418496,0.6133333333333334,0.38666666666666666
CHC,2023,29.1,10.700000000000001,335.8335,622.0,0.24455365965763304,-286.1665,39.800000000000004,2.694444444444444,2.0730462962962966,3.8395061728395063,39.61769286453655,0.7311557788944724,0.26884422110552764
CHC,2024,24.2,9.3,286.8335,636.0,0.18889244612533218,-349.1665,33.5,2.574468085106383,1.7705771604938272,3.925925925925926,30.60057627230381,0.7223880597014926,0.2776119402985075
CHC,2025,40.699999999999996,9.5,451.83349999999996,634.0,0.34980751001100524,-182.16650000000004,50.199999999999996,4.239583333333333,2.7890956790123456,3.9135802469135803,56.66881662178285,0.8107569721115537,0.18924302788844624
CHW,2023,2.5999999999999996,7.800000000000001,70.8335,651.0,0.016968791769220202,-580.1665,10.4,0.32911392405063283,0.4372438271604938,4.018518518518518,2.7489442666136727,0.24999999999999994,0.75
CHW,2024,-3.5,9.1,9.8335,638.0,0.00048264116701598987,-628.1665,5.6,-0.3804347826086957,0.060700617283950625,3.9382716049382718,0.07818786905659036,-0.625,1.625
CHW,2025,11.6,10.799999999999999,160.83350000000002,621.0,0.07782592633154421,-460.1665,22.4,1.0642201834862386,0.9927993827160495,3.8333333333333335,12.607800065710162,0.5178571428571429,0.48214285714285715
CIN,2023,16.0,17.3,204.83350000000002,556.0,0.13855013212770803,-351.1665,33.3,0.9195402298850573,1.2644043209876543,3.432098765432099,22.445121404688702,0.48048048048048053,0.5195195195195196
CIN,2024,6.5,22.3,109.8335,506.0,0.0575702690495936,-396.1665,28.8,0.2901785714285714,0.6779845679012346,3.123456790123457,9.326383586034163,0.22569444444444445,0.7743055555555556
CIN,2025,8.3,28.0,127.8335,449.0,0.09120428263653102,-321.1665,36.3,0.29537366548042704,0.7890956790123457,2.771604938271605,14.775093787118026,0.22865013774104687,0.7713498622589532
CLE,2023,14.8,13.0,192.83350000000002,599.0,0.11163132897246196,-406.1665,27.8,1.1297709923664123,1.1903302469135804,3.697530864197531,18.084275293538838,0.5323741007194245,0.4676258992805755
CLE,2024,21.9,15.700000000000001,263.8335,572.0,0.19527496469854033,-308.1665,37.6,1.3860759493670884,1.628601851851852,3.5308641975308643,31.634544281163535,0.5824468085106382,0.4175531914893617
CLE,2025,9.200000000000001,16.7,136.83350000000002,562.0,0.07008993365279577,-425.1665,25.9,0.5476190476190477,0.8446512345679014,3.4691358024691357,11.354569251752915,0.3552123552123553,0.6447876447876448
COL,2023,9.6,3.1999999999999997,140.83350000000002,697.0,0.0508566506549519,-556.1665,12.799999999999999,2.909090909090909,0.8693425925925927,4.302469135802469,8.238777406102209,0.75,0.25
COL,2024,10.5,-0.29999999999999993,149.83350000000002,732.0,0.05201294680618037,-582.1665,10.2,-52.50000000000002,0.9248981481481482,4.518518518518518,8.42609738260122,1.0294117647058825,-0.02941176470588235
COL,2025,-1.6,1.4,28.8335,715.0,0.002799076640986089,-686.1665,-0.20000000000000018,-1.0666666666666667,0.17798456790123457,4.41358024691358,0.45345041583974643,-16.0,13.999999999999998
DET,2023,11.0,12.3,154.83350000000002,606.0,0.07606248711174143,-451.1665,23.3,0.8870967741935484,0.9557623456790124,3.740740740740741,12.322122912102111,0.4721030042918455,0.5278969957081545
DET,2024,17.3,16.1,217.83350000000002,568.0,0.14756169860504537,-350.1665,33.400000000000006,1.067901234567901,1.3446512345679014,3.506172839506173,23.904995174017348,0.5179640718562873,0.48203592814371254
DET,2025,20.0,13.7,244.83350000000002,592.0,0.16579062922607332,-347.1665,33.7,1.4492753623188408,1.5113179012345679,3.654320987654321,26.85808193462388,0.5934718100890207,0.40652818991097917
HOU,2023,32.9,13.4,373.8335,595.0,0.2993292113311736,-221.16649999999998,46.3,2.437037037037037,2.307614197530864,3.6728395061728394,48.49133223565012,0.7105831533477321,0.28941684665226786
HOU,2024,27.1,16.8,315.8335,561.0,0.2589668144726149,-245.16649999999998,43.900000000000006,1.6035502958579881,1.9495895061728397,3.462962962962963,41.95262394456361,0.6173120728929384,0.38268792710706145
HOU,2025,17.799999999999997,21.2,222.83349999999996,517.0,0.1765118750852849,-294.16650000000004,39.0,0.8356807511737088,1.3755154320987653,3.191358024691358,28.594923763816155,0.45641025641025634,0.5435897435897435
KCR,2023,9.4,0.2,138.83350000000002,727.0,0.046095795032436014,-588.1665,9.6,31.33333333333333,0.856996913580247,4.487654320987654,7.467518795254635,0.9791666666666667,0.020833333333333336
KCR,2024,20.200000000000003,19.6,246.83350000000002,533.0,0.19643167590248486,-286.1665,39.800000000000004,1.0253807106598984,1.5236635802469136,3.2901234567901234,31.82193149620255,0.507537688442211,0.4924623115577889
KCR,2025,13.1,18.5,175.83350000000002,544.0,0.11236347096548588,-368.1665,31.6,0.7043010752688171,1.085391975308642,3.3580246913580245,18.202882296408713,0.41455696202531644,0.5854430379746836
LAA,2023,19.5,9.4,239.83350000000002,635.0,0.14407675565606665,-395.1665,28.9,2.0526315789473686,1.4804537037037038,3.919753086419753,23.340434416282797,0.6747404844290658,0.3252595155709343
LAA,2024,13.8,6.1,182.83350000000002,668.0,0.08539900450694246,-485.1665,19.9,2.2258064516129035,1.128601851851852,4.1234567901234565,13.834638730124679,0.6934673366834172,0.3065326633165829
LAA,2025,12.3,13.2,167.83350000000002,597.0,0.08930351750860037,-429.1665,25.5,0.9248120300751881,1.0360092592592594,3.685185185185185,14.46716983639326,0.4823529411764706,0.5176470588235293
LAD,2023,32.4,12.3,368.8335,606.0,0.2872744415811969,-237.16649999999998,44.7,2.6129032258064515,2.2767500000000003,3.740740740740741,46.5384595361539,0.7248322147651006,0.2751677852348993
LAD,2024,38.7,5.9,431.8335,670.0,0.30921221649071146,-238.16649999999998,44.6,6.45,2.665638888888889,4.135802469135802,50.09237907149526,0.867713004484305,0.13228699551569506
LAD,2025,33.0,12.4,374.8335,605.0,0.2939853293931413,-230.16649999999998,45.4,2.64,2.313787037037037,3.734567901234568,47.625623361688895,0.7268722466960352,0.27312775330396477
MIA,2023,6.3,27.9,107.8335,450.0,0.06821444457381144,-342.1665,34.199999999999996,0.225,0.6656388888888889,2.7777777777777777,11.050740020957454,0.1842105263157895,0.8157894736842106
MIA,2024,4.4,6.4,88.8335,665.0,0.02451062733530428,-576.1665,10.8,0.676923076923077,0.548354938271605,4.104938271604938,3.9707216283192937,0.40740740740740744,0.5925925925925926
MIA,2025,16.0,11.7,204.83350000000002,612.0,0.11888843331401777,-407.1665,27.7,1.3559322033898307,1.2644043209876543,3.7777777777777777,19.25992619687088,0.5776173285198556,0.4223826714801444
MIL,2023,16.5,21.3,209.83350000000002,516.0,0.1615662756100285,-306.1665,37.8,0.7710280373831775,1.2952685185185187,3.185185185185185,26.17373664882462,0.43650793650793657,0.5634920634920636
MIL,2024,26.900000000000002,16.0,313.8335,569.0,0.2518287403471195,-255.16649999999998,42.900000000000006,1.670807453416149,1.937243827160494,3.5123456790123457,40.79625593623336,0.627039627039627,0.37296037296037293
MIL,2025,25.7,24.4,301.8335,485.0,0.2956872429358747,-183.16649999999998,50.099999999999994,1.0489795918367346,1.8631697530864197,2.993827160493827,47.9013333556117,0.5129740518962076,0.48702594810379246
MIN,2023,25.3,22.3,297.8335,506.0,0.27489968197451425,-208.16649999999998,47.6,1.1294642857142856,1.8384783950617285,3.123456790123457,44.533748479871306,0.5315126050420168,0.4684873949579832
MIN,2024,17.0,13.2,214.83350000000002,597.0,0.13350025104438984,-382.1665,30.2,1.2781954887218046,1.3261327160493828,3.685185185185185,21.627040669191153,0.5629139072847682,0.4370860927152318
MIN,2025,8.8,10.8,132.83350000000002,621.0,0.05613151870168083,-488.1665,19.6,0.8073394495412844,0.81995987654321,3.8333333333333335,9.093306029672295,0.4489795918367347,0.5510204081632653
NYM,2023,15.2,9.100000000000001,196.83350000000002,638.0,0.10414041413646176,-441.1665,24.3,1.652173913043478,1.2150216049382716,3.9382716049382718,16.870747090106804,0.625514403292181,0.374485596707819
NYM,2024,24.6,12.9,290.8335,600.0,0.20994664541635433,-309.1665,37.5,1.8923076923076925,1.7952685185185187,3.7037037037037037,34.0113565574494,0.656,0.34400000000000003
NYM,2025,29.900000000000002,12.200000000000001,343.8335,607.0,0.2611269542656258,-263.1665,42.1,2.4308943089430897,2.122429012345679,3.746913580246914,42.302566591031386,0.7102137767220903,0.28978622327790976
NYY,2023,8.5,19.3,129.83350000000002,536.0,0.06947882643384129,-406.1665,27.8,0.43814432989690716,0.8014413580246914,3.308641975308642,11.25556988228229,0.3057553956834532,0.6942446043165468
NYY,2024,28.400000000000002,16.9,328.8335,560.0,0.27403121607558706,-231.16649999999998,45.3,1.6705882352941177,2.0298364197530865,3.45679012345679,44.3930570042451,0.6269315673289184,0.3730684326710817
NYY,2025,31.099999999999998,16.9,355.8335,560.0,0.30367527340816697,-204.16649999999998,48.0,1.8294117647058823,2.196503086419753,3.45679012345679,49.19539429212305,0.6479166666666666,0.3520833333333333
OAK,2023,1.8000000000000003,6.5,62.8335,664.0,0.013193331691284463,-601.1665,8.3,0.27272727272727276,0.3878611111111111,4.098765432098766,2.137319733988083,0.21686746987951808,0.7831325301204819
OAK,2024,14.299999999999999,13.8,187.83350000000002,591.0,0.1093248586986098,-403.1665,28.1,1.028776978417266,1.1594660493827162,3.6481481481481484,17.710627109174787,0.5088967971530248,0.49110320284697506
PHI,2023,23.2,21.0,276.8335,519.0,0.240464903669476,-242.16649999999998,44.2,1.0995260663507107,1.708848765432099,3.2037037037037037,38.955314394455115,0.5248868778280542,0.4751131221719457
PHI,2024,27.4,21.3,318.8335,516.0,0.29296416168491574,-197.16649999999998,48.7,1.2803738317757007,1.968108024691358,3.185185185185185,47.46019419295635,0.5626283367556467,0.43737166324435317
PHI,2025,22.7,26.4,271.8335,465.0,0.27240964369259546,-193.16649999999998,49.099999999999994,0.8566037735849056,1.6779845679012346,2.8703703703703702,44.130362278200465,0.4623217922606925,0.5376782077393075
PIT,2023,9.0,10.5,134.83350000000002,624.0,0.05712129154004217,-489.1665,19.5,0.8490566037735849,0.8323055555555556,3.8518518518518516,9.25364922948683,0.46153846153846156,0.5384615384615384
PIT,2024,10.9,16.0,153.83350000000002,569.0,0.0836576210477588,-415.1665,26.9,0.6770186335403726,0.9495895061728395,3.5123456790123457,13.552534609736925,0.4052044609665428,0.5947955390334573
PIT,2025,7.6,18.7,120.8335,542.0,0.06028122504448502,-421.1665,26.299999999999997,0.40425531914893614,0.7458858024691358,3.345679012345679,9.765558457206573,0.2889733840304183,0.7110266159695818
SDP,2023,25.3,20.1,297.8335,528.0,0.259650116492293,-230.16649999999998,45.400000000000006,1.2524752475247523,1.8384783950617285,3.259259259259259,42.06331887175147,0.5572687224669604,0.44273127753303965
SDP,2024,21.2,18.299999999999997,256.8335,546.0,0.20098178541212214,-289.1665,39.5,1.1521739130434783,1.585391975308642,3.3703703703703702,32.559049236763784,0.5367088607594936,0.46329113924050624
SDP,2025,17.3,20.2,217.83350000000002,527.0,0.16565367551046095,-309.1665,37.5,0.8522167487684729,1.3446512345679014,3.253086419753086,26.835895432694674,0.4613333333333334,0.5386666666666666
SEA,2023,28.2,15.8,326.8335,571.0,0.2648273691069869,-244.16649999999998,44.0,1.7735849056603772,2.0174907407407408,3.5246913580246915,42.902033795331874,0.6409090909090909,0.3590909090909091
SEA,2024,20.900000000000002,14.6,253.83350000000002,583.0,0.17921708506004963,-329.1665,35.5,1.4217687074829934,1.5668734567901235,3.5987654320987654,29.03316777972804,0.5887323943661973,0.4112676056338028
SEA,2025,28.4,12.9,328.8335,600.0,0.24964211055975732,-271.1665,41.3,2.1846153846153844,2.0298364197530865,3.7037037037037037,40.44202191068069,0.6876513317191283,0.3123486682808717
SFG,2023,11.7,15.5,161.83350000000002,574.0,0.08973357718883825,-412.1665,27.2,0.75,0.9989722222222223,3.54320987654321,14.536839504591796,0.4301470588235294,0.5698529411764706
SFG,2024,19.4,12.9,238.83350000000002,600.0,0.15633843824032784,-361.1665,32.3,1.4923076923076921,1.474280864197531,3.7037037037037037,25.32682699493311,0.6006191950464397,0.39938080495356043
SFG,2025,15.3,12.3,197.83350000000002,606.0,0.11419379660121946,-408.1665,27.6,1.2338709677419355,1.2211944444444445,3.740740740740741,18.499395049397553,0.5543478260869565,0.44565217391304346
STL,2023,19.5,3.6,239.83350000000002,693.0,0.12545181285944831,-453.1665,23.1,5.27027027027027,1.4804537037037038,4.277777777777778,20.323193683230627,0.8441558441558441,0.15584415584415584
STL,2024,19.0,12.6,234.83350000000002,603.0,0.15113021123625223,-368.1665,31.6,1.4960629921259843,1.4495895061728397,3.7222222222222223,24.48309422027286,0.6012658227848101,0.39873417721518983
STL,2025,16.6,5.9,210.83350000000002,670.0,0.10756460779296248,-459.1665,22.5,2.766666666666667,1.3014413580246915,4.135802469135802,17.425466462459923,0.7377777777777779,0.26222222222222225
TBR,2023,34.1,14.3,385.8335,586.0,0.3176088648574427,-200.16649999999998,48.400000000000006,2.368055555555556,2.3816882716049386,3.617283950617284,51.45263610690572,0.7045454545454545,0.2954545454545454
TBR,2024,13.3,16.4,177.83350000000002,565.0,0.10760519041134829,-387.1665,29.7,0.8060606060606061,1.0977376543209878,3.4876543209876543,17.432040846638422,0.4478114478114478,0.5521885521885521
TBR,2025,18.1,10.7,225.83350000000002,622.0,0.1353980784614714,-396.1665,28.8,1.6759259259259263,1.394033950617284,3.8395061728395063,21.934488710758366,0.6284722222222222,0.37152777777777773
TEX,2023,37.0,9.1,414.8335,638.0,0.3126533419758908,-223.16649999999998,46.1,4.021739130434783,2.560700617283951,3.9382716049382718,50.64984140009431,0.8026030368763557,0.19739696312364424
TEX,2024,22.3,7.299999999999999,267.8335,656.0,0.16255960664916724,-388.1665,29.6,3.013513513513514,1.6532932098765434,4.049382716049383,26.334656277165095,0.7533783783783784,0.24662162162162157
TEX,2025,28.7,11.4,331.8335,615.0,0.2443291246908924,-283.1665,40.1,2.4956521739130433,2.048354938271605,3.7962962962962963,39.58131819992457,0.7157107231920199,0.28428927680798005
TOR,2023,29.2,16.2,336.8335,567.0,0.2782798643959555,-230.16649999999998,45.4,1.7914110429447851,2.0792191358024694,3.5,45.081338032144785,0.6431718061674009,0.3568281938325991
TOR,2024,19.9,3.0999999999999996,243.83350000000002,698.0,0.12734145148699927,-454.1665,23.0,6.21875,1.5051450617283952,4.308641975308642,20.62931514089388,0.8652173913043477,0.13478260869565215
TOR,2025,32.1,13.8,365.8335,591.0,0.29364694725694496,-225.16649999999998,45.900000000000006,2.3093525179856114,2.2582314814814817,3.6481481481481484,47.570805455625084,0.6993464052287581,0.3006535947712418
WSN,2023,15.1,7.0,195.83350000000002,659.0,0.09791319164263336,-463.1665,22.1,2.126760563380282,1.208848765432099,4.067901234567901,15.861937046106604,0.6832579185520361,0.3167420814479638
WSN,2024,12.1,8.2,165.83350000000002,647.0,0.0764708670870721,-481.1665,20.299999999999997,1.457831325301205,1.0236635802469136,3.993827160493827,12.38828046810568,0.5960591133004927,0.4039408866995074
WSN,2025,11.1,0.7000000000000001,155.83350000000002,722.0,0.057010282779412086,-566.1665,11.799999999999999,13.874999999999998,0.9619351851851853,4.45679012345679,9.235665810264758,0.940677966101695,0.05932203389830509
